data,ora,partita,mercato,esito,p,quota_giusta,quota_book,valore
2026-10-10,14:00,Genoa - Fiorentina,1X2,1,0.2649,3.78,3.3,-0.126
2026-10-10,14:00,Genoa - Fiorentina,1X2,X,0.3018,3.31,3.25,-0.019
2026-10-10,14:00,Genoa - Fiorentina,1X2,2,0.4333,2.31,2.25,-0.025
2026-10-10,14:00,Genoa - Fiorentina,Doppia chance,1X,0.5667,1.76,,
2026-10-10,14:00,Genoa - Fiorentina,Doppia chance,X2,0.7351,1.36,,
2026-10-10,14:00,Genoa - Fiorentina,Doppia chance,12,0.6982,1.43,,
2026-10-10,14:00,Genoa - Fiorentina,Under/Over,Under 0.5,0.0956,10.46,,
2026-10-10,14:00,Genoa - Fiorentina,Under/Over,Over 0.5,0.9044,1.11,,
2026-10-10,14:00,Genoa - Fiorentina,Under/Over,Under 1.5,0.2796,3.58,,
2026-10-10,14:00,Genoa - Fiorentina,Under/Over,Over 1.5,0.7204,1.39,,
2026-10-10,14:00,Genoa - Fiorentina,Under/Over,Under 2.5,0.549,1.82,1.73,-0.05
2026-10-10,14:00,Genoa - Fiorentina,Under/Over,Over 2.5,0.451,2.22,2.1,-0.053
2026-10-10,14:00,Genoa - Fiorentina,Under/Over,Under 3.5,0.7619,1.31,,
2026-10-10,14:00,Genoa - Fiorentina,Under/Over,Over 3.5,0.2381,4.2,,
2026-10-10,14:00,Genoa - Fiorentina,Under/Over,Under 4.5,0.8939,1.12,,
2026-10-10,14:00,Genoa - Fiorentina,Under/Over,Over 4.5,0.1061,9.42,,
2026-10-10,14:00,Genoa - Fiorentina,Goal/No Goal,Goal,0.5074,1.97,,
2026-10-10,14:00,Genoa - Fiorentina,Goal/No Goal,No Goal,0.4926,2.03,,
2026-10-10,14:00,Genoa - Fiorentina,Multigol,1-2,0.4534,2.21,,
2026-10-10,14:00,Genoa - Fiorentina,Multigol,1-3,0.6663,1.5,,
2026-10-10,14:00,Genoa - Fiorentina,Multigol,1-4,0.7982,1.25,,
2026-10-10,14:00,Genoa - Fiorentina,Multigol,1-5,0.8637,1.16,,
2026-10-10,14:00,Genoa - Fiorentina,Multigol,2-3,0.4823,2.07,,
2026-10-10,14:00,Genoa - Fiorentina,Multigol,2-4,0.6142,1.63,,
2026-10-10,14:00,Genoa - Fiorentina,Multigol,2-5,0.6797,1.47,,
2026-10-10,14:00,Genoa - Fiorentina,Multigol,3-4,0.3449,2.9,,
2026-10-10,14:00,Genoa - Fiorentina,Multigol,3-5,0.4103,2.44,,
2026-10-10,14:00,Genoa - Fiorentina,Multigol,4-6,0.2245,4.45,,
2026-10-10,14:00,Genoa - Fiorentina,Somma gol,0,0.0956,10.46,,
2026-10-10,14:00,Genoa - Fiorentina,Somma gol,1,0.184,5.43,,
2026-10-10,14:00,Genoa - Fiorentina,Somma gol,2,0.2694,3.71,,
2026-10-10,14:00,Genoa - Fiorentina,Somma gol,3,0.2129,4.7,,
2026-10-10,14:00,Genoa - Fiorentina,Somma gol,4,0.132,7.58,,
2026-10-10,14:00,Genoa - Fiorentina,Somma gol,5,0.0655,15.28,,
2026-10-10,14:00,Genoa - Fiorentina,Somma gol,6+,0.0407,24.58,,
2026-10-10,14:00,Genoa - Fiorentina,Handicap casa -2,1,0.0312,32.03,,
2026-10-10,14:00,Genoa - Fiorentina,Handicap casa -2,X,0.0755,13.24,,
2026-10-10,14:00,Genoa - Fiorentina,Handicap casa -2,2,0.8932,1.12,,
2026-10-10,14:00,Genoa - Fiorentina,Handicap casa -1,1,0.1068,9.37,,
2026-10-10,14:00,Genoa - Fiorentina,Handicap casa -1,X,0.1627,6.15,,
2026-10-10,14:00,Genoa - Fiorentina,Handicap casa -1,2,0.7305,1.37,,
2026-10-10,14:00,Genoa - Fiorentina,Handicap casa +1,1,0.5591,1.79,,
2026-10-10,14:00,Genoa - Fiorentina,Handicap casa +1,X,0.2221,4.5,,
2026-10-10,14:00,Genoa - Fiorentina,Handicap casa +1,2,0.2188,4.57,,
2026-10-10,14:00,Genoa - Fiorentina,Handicap casa +2,1,0.7812,1.28,,
2026-10-10,14:00,Genoa - Fiorentina,Handicap casa +2,X,0.1356,7.37,,
2026-10-10,14:00,Genoa - Fiorentina,Handicap casa +2,2,0.0831,12.03,,
2026-10-10,14:00,Genoa - Fiorentina,Risultato esatto,1-1,0.1379,7.25,,
2026-10-10,14:00,Genoa - Fiorentina,Risultato esatto,0-1,0.1071,9.34,,
2026-10-10,14:00,Genoa - Fiorentina,Risultato esatto,0-0,0.0956,10.46,,
2026-10-10,14:00,Genoa - Fiorentina,Risultato esatto,1-2,0.0895,11.17,,
2026-10-10,14:00,Genoa - Fiorentina,Risultato esatto,0-2,0.0845,11.84,,
2026-10-10,14:00,Genoa - Fiorentina,Risultato esatto,1-0,0.0769,13.0,,
2026-10-10,14:00,Genoa - Fiorentina,Risultato esatto,2-1,0.0668,14.97,,
2026-10-10,14:00,Genoa - Fiorentina,Risultato esatto,2-2,0.0474,21.09,,
2026-10-10,14:00,Genoa - Fiorentina,Risultato esatto,2-0,0.047,21.26,,
2026-10-10,14:00,Genoa - Fiorentina,Risultato esatto,1-3,0.0424,23.6,,
2026-10-10,17:00,Inter - Parma,1X2,1,0.8699,1.15,1.14,-0.008
2026-10-10,17:00,Inter - Parma,1X2,X,0.0854,11.71,8.0,-0.317
2026-10-10,17:00,Inter - Parma,1X2,2,0.0446,22.4,19.0,-0.152
2026-10-10,17:00,Inter - Parma,Doppia chance,1X,0.9554,1.05,,
2026-10-10,17:00,Inter - Parma,Doppia chance,X2,0.1301,7.69,,
2026-10-10,17:00,Inter - Parma,Doppia chance,12,0.9146,1.09,,
2026-10-10,17:00,Inter - Parma,Under/Over,Under 0.5,0.0274,36.44,,
2026-10-10,17:00,Inter - Parma,Under/Over,Over 0.5,0.9726,1.03,,
2026-10-10,17:00,Inter - Parma,Under/Over,Under 1.5,0.1055,9.48,,
2026-10-10,17:00,Inter - Parma,Under/Over,Over 1.5,0.8945,1.12,,
2026-10-10,17:00,Inter - Parma,Under/Over,Under 2.5,0.2736,3.65,3.2,-0.124
2026-10-10,17:00,Inter - Parma,Under/Over,Over 2.5,0.7264,1.38,1.36,-0.012
2026-10-10,17:00,Inter - Parma,Under/Over,Under 3.5,0.4795,2.09,,
2026-10-10,17:00,Inter - Parma,Under/Over,Over 3.5,0.5205,1.92,,
2026-10-10,17:00,Inter - Parma,Under/Over,Under 4.5,0.6737,1.48,,
2026-10-10,17:00,Inter - Parma,Under/Over,Over 4.5,0.3263,3.06,,
2026-10-10,17:00,Inter - Parma,Goal/No Goal,Goal,0.4632,2.16,,
2026-10-10,17:00,Inter - Parma,Goal/No Goal,No Goal,0.5368,1.86,,
2026-10-10,17:00,Inter - Parma,Multigol,1-2,0.2462,4.06,,
2026-10-10,17:00,Inter - Parma,Multigol,1-3,0.4521,2.21,,
2026-10-10,17:00,Inter - Parma,Multigol,1-4,0.6462,1.55,,
2026-10-10,17:00,Inter - Parma,Multigol,1-5,0.7926,1.26,,
2026-10-10,17:00,Inter - Parma,Multigol,2-3,0.3741,2.67,,
2026-10-10,17:00,Inter - Parma,Multigol,2-4,0.5682,1.76,,
2026-10-10,17:00,Inter - Parma,Multigol,2-5,0.7146,1.4,,
2026-10-10,17:00,Inter - Parma,Multigol,3-4,0.4,2.5,,
2026-10-10,17:00,Inter - Parma,Multigol,3-5,0.5464,1.83,,
2026-10-10,17:00,Inter - Parma,Multigol,4-6,0.4326,2.31,,
2026-10-10,17:00,Inter - Parma,Somma gol,0,0.0274,36.44,,
2026-10-10,17:00,Inter - Parma,Somma gol,1,0.078,12.82,,
2026-10-10,17:00,Inter - Parma,Somma gol,2,0.1682,5.95,,
2026-10-10,17:00,Inter - Parma,Somma gol,3,0.2059,4.86,,
2026-10-10,17:00,Inter - Parma,Somma gol,4,0.1941,5.15,,
2026-10-10,17:00,Inter - Parma,Somma gol,5,0.1464,6.83,,
2026-10-10,17:00,Inter - Parma,Somma gol,6+,0.1799,5.56,,
2026-10-10,17:00,Inter - Parma,Handicap casa -2,1,0.4673,2.14,,
2026-10-10,17:00,Inter - Parma,Handicap casa -2,X,0.2102,4.76,,
2026-10-10,17:00,Inter - Parma,Handicap casa -2,2,0.3225,3.1,,
2026-10-10,17:00,Inter - Parma,Handicap casa -1,1,0.6775,1.48,,
2026-10-10,17:00,Inter - Parma,Handicap casa -1,X,0.1701,5.88,,
2026-10-10,17:00,Inter - Parma,Handicap casa -1,2,0.1524,6.56,,
2026-10-10,17:00,Inter - Parma,Handicap casa +1,1,0.9565,1.05,,
2026-10-10,17:00,Inter - Parma,Handicap casa +1,X,0.0322,31.06,,
2026-10-10,17:00,Inter - Parma,Handicap casa +1,2,0.0113,88.56,,
2026-10-10,17:00,Inter - Parma,Handicap casa +2,1,0.9887,1.01,,
2026-10-10,17:00,Inter - Parma,Handicap casa +2,X,0.0092,108.11,,
2026-10-10,17:00,Inter - Parma,Handicap casa +2,2,0.002,489.75,,
2026-10-10,17:00,Inter - Parma,Risultato esatto,3-0,0.1163,8.6,,
2026-10-10,17:00,Inter - Parma,Risultato esatto,2-0,0.1119,8.94,,
2026-10-10,17:00,Inter - Parma,Risultato esatto,4-0,0.0906,11.03,,
2026-10-10,17:00,Inter - Parma,Risultato esatto,3-1,0.076,13.15,,
2026-10-10,17:00,Inter - Parma,Risultato esatto,2-1,0.0732,13.67,,
2026-10-10,17:00,Inter - Parma,Risultato esatto,1-0,0.0674,14.84,,
2026-10-10,17:00,Inter - Parma,Risultato esatto,4-1,0.0593,16.87,,
2026-10-10,17:00,Inter - Parma,Risultato esatto,5-0,0.0565,17.7,,
2026-10-10,17:00,Inter - Parma,Risultato esatto,1-1,0.0514,19.47,,
2026-10-10,17:00,Inter - Parma,Risultato esatto,5-1,0.037,27.06,,
2026-10-10,19:45,Napoli - Frosinone,1X2,1,0.6376,1.57,1.44,-0.082
2026-10-10,19:45,Napoli - Frosinone,1X2,X,0.233,4.29,4.75,0.107
2026-10-10,19:45,Napoli - Frosinone,1X2,2,0.1294,7.73,7.0,-0.094
2026-10-10,19:45,Napoli - Frosinone,Doppia chance,1X,0.8706,1.15,,
2026-10-10,19:45,Napoli - Frosinone,Doppia chance,X2,0.3624,2.76,,
2026-10-10,19:45,Napoli - Frosinone,Doppia chance,12,0.767,1.3,,
2026-10-10,19:45,Napoli - Frosinone,Under/Over,Under 0.5,0.0412,24.27,,
2026-10-10,19:45,Napoli - Frosinone,Under/Over,Over 0.5,0.9588,1.04,,
2026-10-10,19:45,Napoli - Frosinone,Under/Over,Under 1.5,0.14,7.14,,
2026-10-10,19:45,Napoli - Frosinone,Under/Over,Over 1.5,0.86,1.16,,
2026-10-10,19:45,Napoli - Frosinone,Under/Over,Under 2.5,0.341,2.93,2.63,-0.103
2026-10-10,19:45,Napoli - Frosinone,Under/Over,Over 2.5,0.659,1.52,1.5,-0.012
2026-10-10,19:45,Napoli - Frosinone,Under/Over,Under 3.5,0.5598,1.79,,
2026-10-10,19:45,Napoli - Frosinone,Under/Over,Over 3.5,0.4402,2.27,,
2026-10-10,19:45,Napoli - Frosinone,Under/Over,Under 4.5,0.7454,1.34,,
2026-10-10,19:45,Napoli - Frosinone,Under/Over,Over 4.5,0.2546,3.93,,
2026-10-10,19:45,Napoli - Frosinone,Goal/No Goal,Goal,0.5847,1.71,,
2026-10-10,19:45,Napoli - Frosinone,Goal/No Goal,No Goal,0.4153,2.41,,
2026-10-10,19:45,Napoli - Frosinone,Multigol,1-2,0.2998,3.34,,
2026-10-10,19:45,Napoli - Frosinone,Multigol,1-3,0.5186,1.93,,
2026-10-10,19:45,Napoli - Frosinone,Multigol,1-4,0.7042,1.42,,
2026-10-10,19:45,Napoli - Frosinone,Multigol,1-5,0.8302,1.2,,
2026-10-10,19:45,Napoli - Frosinone,Multigol,2-3,0.4198,2.38,,
2026-10-10,19:45,Napoli - Frosinone,Multigol,2-4,0.6054,1.65,,
2026-10-10,19:45,Napoli - Frosinone,Multigol,2-5,0.7314,1.37,,
2026-10-10,19:45,Napoli - Frosinone,Multigol,3-4,0.4044,2.47,,
2026-10-10,19:45,Napoli - Frosinone,Multigol,3-5,0.5304,1.89,,
2026-10-10,19:45,Napoli - Frosinone,Multigol,4-6,0.3828,2.61,,
2026-10-10,19:45,Napoli - Frosinone,Somma gol,0,0.0412,24.27,,
2026-10-10,19:45,Napoli - Frosinone,Somma gol,1,0.0988,10.12,,
2026-10-10,19:45,Napoli - Frosinone,Somma gol,2,0.201,4.97,,
2026-10-10,19:45,Napoli - Frosinone,Somma gol,3,0.2188,4.57,,
2026-10-10,19:45,Napoli - Frosinone,Somma gol,4,0.1856,5.39,,
2026-10-10,19:45,Napoli - Frosinone,Somma gol,5,0.126,7.94,,
2026-10-10,19:45,Napoli - Frosinone,Somma gol,6+,0.1286,7.78,,
2026-10-10,19:45,Napoli - Frosinone,Handicap casa -2,1,0.255,3.92,,
2026-10-10,19:45,Napoli - Frosinone,Handicap casa -2,X,0.1991,5.02,,
2026-10-10,19:45,Napoli - Frosinone,Handicap casa -2,2,0.5459,1.83,,
2026-10-10,19:45,Napoli - Frosinone,Handicap casa -1,1,0.4541,2.2,,
2026-10-10,19:45,Napoli - Frosinone,Handicap casa -1,X,0.2163,4.62,,
2026-10-10,19:45,Napoli - Frosinone,Handicap casa -1,2,0.3296,3.03,,
2026-10-10,19:45,Napoli - Frosinone,Handicap casa +1,1,0.8639,1.16,,
2026-10-10,19:45,Napoli - Frosinone,Handicap casa +1,X,0.0873,11.46,,
2026-10-10,19:45,Napoli - Frosinone,Handicap casa +1,2,0.0488,20.5,,
2026-10-10,19:45,Napoli - Frosinone,Handicap casa +2,1,0.9512,1.05,,
2026-10-10,19:45,Napoli - Frosinone,Handicap casa +2,X,0.0358,27.97,,
2026-10-10,19:45,Napoli - Frosinone,Handicap casa +2,2,0.013,76.75,,
2026-10-10,19:45,Napoli - Frosinone,Risultato esatto,2-1,0.0964,10.38,,
2026-10-10,19:45,Napoli - Frosinone,Risultato esatto,2-0,0.0954,10.48,,
2026-10-10,19:45,Napoli - Frosinone,Risultato esatto,1-1,0.0885,11.3,,
2026-10-10,19:45,Napoli - Frosinone,Risultato esatto,3-1,0.0766,13.06,,
2026-10-10,19:45,Napoli - Frosinone,Risultato esatto,3-0,0.0758,13.19,,
2026-10-10,19:45,Napoli - Frosinone,Risultato esatto,1-0,0.0725,13.8,,
2026-10-10,19:45,Napoli - Frosinone,Risultato esatto,2-2,0.0487,20.55,,
2026-10-10,19:45,Napoli - Frosinone,Risultato esatto,4-1,0.0456,21.92,,
2026-10-10,19:45,Napoli - Frosinone,Risultato esatto,4-0,0.0452,22.14,,
2026-10-10,19:45,Napoli - Frosinone,Risultato esatto,0-0,0.0412,24.27,,
2026-10-11,19:45,Cagliari - Juventus,1X2,1,0.1007,9.93,7.0,-0.295
2026-10-11,19:45,Cagliari - Juventus,1X2,X,0.201,4.98,3.75,-0.246
2026-10-11,19:45,Cagliari - Juventus,1X2,2,0.6983,1.43,1.55,0.082
2026-10-11,19:45,Cagliari - Juventus,Doppia chance,1X,0.3017,3.31,,
2026-10-11,19:45,Cagliari - Juventus,Doppia chance,X2,0.8993,1.11,,
2026-10-11,19:45,Cagliari - Juventus,Doppia chance,12,0.799,1.25,,
2026-10-11,19:45,Cagliari - Juventus,Under/Over,Under 0.5,0.0819,12.22,,
2026-10-11,19:45,Cagliari - Juventus,Under/Over,Over 0.5,0.9181,1.09,,
2026-10-11,19:45,Cagliari - Juventus,Under/Over,Under 1.5,0.2562,3.9,,
2026-10-11,19:45,Cagliari - Juventus,Under/Over,Over 1.5,0.7438,1.34,,
2026-10-11,19:45,Cagliari - Juventus,Under/Over,Under 2.5,0.515,1.94,1.85,-0.047
2026-10-11,19:45,Cagliari - Juventus,Under/Over,Over 2.5,0.485,2.06,2.0,-0.03
2026-10-11,19:45,Cagliari - Juventus,Under/Over,Under 3.5,0.733,1.36,,
2026-10-11,19:45,Cagliari - Juventus,Under/Over,Over 3.5,0.267,3.75,,
2026-10-11,19:45,Cagliari - Juventus,Under/Over,Under 4.5,0.8755,1.14,,
2026-10-11,19:45,Cagliari - Juventus,Under/Over,Over 4.5,0.1245,8.03,,
2026-10-11,19:45,Cagliari - Juventus,Goal/No Goal,Goal,0.4109,2.43,,
2026-10-11,19:45,Cagliari - Juventus,Goal/No Goal,No Goal,0.5891,1.7,,
2026-10-11,19:45,Cagliari - Juventus,Multigol,1-2,0.4331,2.31,,
2026-10-11,19:45,Cagliari - Juventus,Multigol,1-3,0.6512,1.54,,
2026-10-11,19:45,Cagliari - Juventus,Multigol,1-4,0.7936,1.26,,
2026-10-11,19:45,Cagliari - Juventus,Multigol,1-5,0.8681,1.15,,
2026-10-11,19:45,Cagliari - Juventus,Multigol,2-3,0.4769,2.1,,
2026-10-11,19:45,Cagliari - Juventus,Multigol,2-4,0.6193,1.61,,
2026-10-11,19:45,Cagliari - Juventus,Multigol,2-5,0.6938,1.44,,
2026-10-11,19:45,Cagliari - Juventus,Multigol,3-4,0.3605,2.77,,
2026-10-11,19:45,Cagliari - Juventus,Multigol,3-5,0.435,2.3,,
2026-10-11,19:45,Cagliari - Juventus,Multigol,4-6,0.2494,4.01,,
2026-10-11,19:45,Cagliari - Juventus,Somma gol,0,0.0819,12.22,,
2026-10-11,19:45,Cagliari - Juventus,Somma gol,1,0.1743,5.74,,
2026-10-11,19:45,Cagliari - Juventus,Somma gol,2,0.2588,3.86,,
2026-10-11,19:45,Cagliari - Juventus,Somma gol,3,0.218,4.59,,
2026-10-11,19:45,Cagliari - Juventus,Somma gol,4,0.1425,7.02,,
2026-10-11,19:45,Cagliari - Juventus,Somma gol,5,0.0745,13.43,,
2026-10-11,19:45,Cagliari - Juventus,Somma gol,6+,0.05,19.98,,
2026-10-11,19:45,Cagliari - Juventus,Handicap casa -2,1,0.0048,209.07,,
2026-10-11,19:45,Cagliari - Juventus,Handicap casa -2,X,0.0215,46.56,,
2026-10-11,19:45,Cagliari - Juventus,Handicap casa -2,2,0.9737,1.03,,
2026-10-11,19:45,Cagliari - Juventus,Handicap casa -1,1,0.0263,38.08,,
2026-10-11,19:45,Cagliari - Juventus,Handicap casa -1,X,0.0727,13.75,,
2026-10-11,19:45,Cagliari - Juventus,Handicap casa -1,2,0.901,1.11,,
2026-10-11,19:45,Cagliari - Juventus,Handicap casa +1,1,0.3136,3.19,,
2026-10-11,19:45,Cagliari - Juventus,Handicap casa +1,X,0.2485,4.02,,
2026-10-11,19:45,Cagliari - Juventus,Handicap casa +1,2,0.4379,2.28,,
2026-10-11,19:45,Cagliari - Juventus,Handicap casa +2,1,0.5621,1.78,,
2026-10-11,19:45,Cagliari - Juventus,Handicap casa +2,X,0.2146,4.66,,
2026-10-11,19:45,Cagliari - Juventus,Handicap casa +2,2,0.2232,4.48,,
2026-10-11,19:45,Cagliari - Juventus,Risultato esatto,0-2,0.1444,6.92,,
2026-10-11,19:45,Cagliari - Juventus,Risultato esatto,0-1,0.1369,7.31,,
2026-10-11,19:45,Cagliari - Juventus,Risultato esatto,1-1,0.1,10.0,,
2026-10-11,19:45,Cagliari - Juventus,Risultato esatto,0-3,0.0956,10.46,,
2026-10-11,19:45,Cagliari - Juventus,Risultato esatto,1-2,0.0907,11.02,,
2026-10-11,19:45,Cagliari - Juventus,Risultato esatto,0-0,0.0819,12.22,,
2026-10-11,19:45,Cagliari - Juventus,Risultato esatto,1-3,0.06,16.66,,
2026-10-11,19:45,Cagliari - Juventus,Risultato esatto,0-4,0.0475,21.07,,
2026-10-11,19:45,Cagliari - Juventus,Risultato esatto,1-0,0.0374,26.72,,
2026-10-11,19:45,Cagliari - Juventus,Risultato esatto,1-4,0.0298,33.55,,
2026-10-11,11:30,Como - Roma,1X2,1,0.3559,2.81,2.6,-0.075
2026-10-11,11:30,Como - Roma,1X2,X,0.2833,3.53,3.5,-0.008
2026-10-11,11:30,Como - Roma,1X2,2,0.3608,2.77,2.6,-0.062
2026-10-11,11:30,Como - Roma,Doppia chance,1X,0.6392,1.56,,
2026-10-11,11:30,Como - Roma,Doppia chance,X2,0.6441,1.55,,
2026-10-11,11:30,Como - Roma,Doppia chance,12,0.7167,1.4,,
2026-10-11,11:30,Como - Roma,Under/Over,Under 0.5,0.0588,17.0,,
2026-10-11,11:30,Como - Roma,Under/Over,Over 0.5,0.9412,1.06,,
2026-10-11,11:30,Como - Roma,Under/Over,Under 1.5,0.1845,5.42,,
2026-10-11,11:30,Como - Roma,Under/Over,Over 1.5,0.8155,1.23,,
2026-10-11,11:30,Como - Roma,Under/Over,Under 2.5,0.4169,2.4,2.2,-0.083
2026-10-11,11:30,Como - Roma,Under/Over,Over 2.5,0.5831,1.72,1.67,-0.026
2026-10-11,11:30,Como - Roma,Under/Over,Under 3.5,0.6409,1.56,,
2026-10-11,11:30,Como - Roma,Under/Over,Over 3.5,0.3591,2.78,,
2026-10-11,11:30,Como - Roma,Under/Over,Under 4.5,0.8105,1.23,,
2026-10-11,11:30,Como - Roma,Under/Over,Over 4.5,0.1895,5.28,,
2026-10-11,11:30,Como - Roma,Goal/No Goal,Goal,0.6188,1.62,,
2026-10-11,11:30,Como - Roma,Goal/No Goal,No Goal,0.3812,2.62,,
2026-10-11,11:30,Como - Roma,Multigol,1-2,0.3581,2.79,,
2026-10-11,11:30,Como - Roma,Multigol,1-3,0.5821,1.72,,
2026-10-11,11:30,Como - Roma,Multigol,1-4,0.7517,1.33,,
2026-10-11,11:30,Como - Roma,Multigol,1-5,0.8544,1.17,,
2026-10-11,11:30,Como - Roma,Multigol,2-3,0.4564,2.19,,
2026-10-11,11:30,Como - Roma,Multigol,2-4,0.626,1.6,,
2026-10-11,11:30,Como - Roma,Multigol,2-5,0.7287,1.37,,
2026-10-11,11:30,Como - Roma,Multigol,3-4,0.3936,2.54,,
2026-10-11,11:30,Como - Roma,Multigol,3-5,0.4963,2.01,,
2026-10-11,11:30,Como - Roma,Multigol,4-6,0.3241,3.09,,
2026-10-11,11:30,Como - Roma,Somma gol,0,0.0588,17.0,,
2026-10-11,11:30,Como - Roma,Somma gol,1,0.1257,7.95,,
2026-10-11,11:30,Como - Roma,Somma gol,2,0.2324,4.3,,
2026-10-11,11:30,Como - Roma,Somma gol,3,0.224,4.46,,
2026-10-11,11:30,Como - Roma,Somma gol,4,0.1696,5.9,,
2026-10-11,11:30,Como - Roma,Somma gol,5,0.1027,9.74,,
2026-10-11,11:30,Como - Roma,Somma gol,6+,0.0868,11.52,,
2026-10-11,11:30,Como - Roma,Handicap casa -2,1,0.0699,14.31,,
2026-10-11,11:30,Como - Roma,Handicap casa -2,X,0.1112,8.99,,
2026-10-11,11:30,Como - Roma,Handicap casa -2,2,0.8189,1.22,,
2026-10-11,11:30,Como - Roma,Handicap casa -1,1,0.1811,5.52,,
2026-10-11,11:30,Como - Roma,Handicap casa -1,X,0.1851,5.4,,
2026-10-11,11:30,Como - Roma,Handicap casa -1,2,0.6338,1.58,,
2026-10-11,11:30,Como - Roma,Handicap casa +1,1,0.6288,1.59,,
2026-10-11,11:30,Como - Roma,Handicap casa +1,X,0.1866,5.36,,
2026-10-11,11:30,Como - Roma,Handicap casa +1,2,0.1846,5.42,,
2026-10-11,11:30,Como - Roma,Handicap casa +2,1,0.8154,1.23,,
2026-10-11,11:30,Como - Roma,Handicap casa +2,X,0.1129,8.86,,
2026-10-11,11:30,Como - Roma,Handicap casa +2,2,0.0717,13.95,,
2026-10-11,11:30,Como - Roma,Risultato esatto,1-1,0.1214,8.24,,
2026-10-11,11:30,Como - Roma,Risultato esatto,1-2,0.0843,11.86,,
2026-10-11,11:30,Como - Roma,Risultato esatto,2-1,0.0837,11.95,,
2026-10-11,11:30,Como - Roma,Risultato esatto,2-2,0.0636,15.73,,
2026-10-11,11:30,Como - Roma,Risultato esatto,0-1,0.0631,15.84,,
2026-10-11,11:30,Como - Roma,Risultato esatto,1-0,0.0626,15.98,,
2026-10-11,11:30,Como - Roma,Risultato esatto,0-0,0.0588,17.0,,
2026-10-11,11:30,Como - Roma,Risultato esatto,0-2,0.0559,17.89,,
2026-10-11,11:30,Como - Roma,Risultato esatto,2-0,0.0551,18.16,,
2026-10-11,11:30,Como - Roma,Risultato esatto,1-3,0.0427,23.41,,
2026-10-11,14:00,Lazio - Monza,1X2,1,0.5526,1.81,1.57,-0.132
2026-10-11,14:00,Lazio - Monza,1X2,X,0.28,3.57,4.0,0.12
2026-10-11,14:00,Lazio - Monza,1X2,2,0.1675,5.97,6.0,0.005
2026-10-11,14:00,Lazio - Monza,Doppia chance,1X,0.8325,1.2,,
2026-10-11,14:00,Lazio - Monza,Doppia chance,X2,0.4474,2.23,,
2026-10-11,14:00,Lazio - Monza,Doppia chance,12,0.72,1.39,,
2026-10-11,14:00,Lazio - Monza,Under/Over,Under 0.5,0.0726,13.78,,
2026-10-11,14:00,Lazio - Monza,Under/Over,Over 0.5,0.9274,1.08,,
2026-10-11,14:00,Lazio - Monza,Under/Over,Under 1.5,0.2258,4.43,,
2026-10-11,14:00,Lazio - Monza,Under/Over,Over 1.5,0.7742,1.29,,
2026-10-11,14:00,Lazio - Monza,Under/Over,Under 2.5,0.4762,2.1,2.0,-0.048
2026-10-11,14:00,Lazio - Monza,Under/Over,Over 2.5,0.5238,1.91,1.85,-0.031
2026-10-11,14:00,Lazio - Monza,Under/Over,Under 3.5,0.6982,1.43,,
2026-10-11,14:00,Lazio - Monza,Under/Over,Over 3.5,0.3018,3.31,,
2026-10-11,14:00,Lazio - Monza,Under/Over,Under 4.5,0.852,1.17,,
2026-10-11,14:00,Lazio - Monza,Under/Over,Over 4.5,0.148,6.76,,
2026-10-11,14:00,Lazio - Monza,Goal/No Goal,Goal,0.5189,1.93,,
2026-10-11,14:00,Lazio - Monza,Goal/No Goal,No Goal,0.4811,2.08,,
2026-10-11,14:00,Lazio - Monza,Multigol,1-2,0.4036,2.48,,
2026-10-11,14:00,Lazio - Monza,Multigol,1-3,0.6256,1.6,,
2026-10-11,14:00,Lazio - Monza,Multigol,1-4,0.7794,1.28,,
2026-10-11,14:00,Lazio - Monza,Multigol,1-5,0.8647,1.16,,
2026-10-11,14:00,Lazio - Monza,Multigol,2-3,0.4723,2.12,,
2026-10-11,14:00,Lazio - Monza,Multigol,2-4,0.6262,1.6,,
2026-10-11,14:00,Lazio - Monza,Multigol,2-5,0.7115,1.41,,
2026-10-11,14:00,Lazio - Monza,Multigol,3-4,0.3759,2.66,,
2026-10-11,14:00,Lazio - Monza,Multigol,3-5,0.4612,2.17,,
2026-10-11,14:00,Lazio - Monza,Multigol,4-6,0.2786,3.59,,
2026-10-11,14:00,Lazio - Monza,Somma gol,0,0.0726,13.78,,
2026-10-11,14:00,Lazio - Monza,Somma gol,1,0.1532,6.53,,
2026-10-11,14:00,Lazio - Monza,Somma gol,2,0.2503,3.99,,
2026-10-11,14:00,Lazio - Monza,Somma gol,3,0.222,4.5,,
2026-10-11,14:00,Lazio - Monza,Somma gol,4,0.1539,6.5,,
2026-10-11,14:00,Lazio - Monza,Somma gol,5,0.0853,11.72,,
2026-10-11,14:00,Lazio - Monza,Somma gol,6+,0.0627,15.95,,
2026-10-11,14:00,Lazio - Monza,Handicap casa -2,1,0.1612,6.2,,
2026-10-11,14:00,Lazio - Monza,Handicap casa -2,X,0.1816,5.51,,
2026-10-11,14:00,Lazio - Monza,Handicap casa -2,2,0.6571,1.52,,
2026-10-11,14:00,Lazio - Monza,Handicap casa -1,1,0.3429,2.92,,
2026-10-11,14:00,Lazio - Monza,Handicap casa -1,X,0.2365,4.23,,
2026-10-11,14:00,Lazio - Monza,Handicap casa -1,2,0.4207,2.38,,
2026-10-11,14:00,Lazio - Monza,Handicap casa +1,1,0.8244,1.21,,
2026-10-11,14:00,Lazio - Monza,Handicap casa +1,X,0.1139,8.78,,
2026-10-11,14:00,Lazio - Monza,Handicap casa +1,2,0.0617,16.21,,
2026-10-11,14:00,Lazio - Monza,Handicap casa +2,1,0.9383,1.07,,
2026-10-11,14:00,Lazio - Monza,Handicap casa +2,X,0.0459,21.78,,
2026-10-11,14:00,Lazio - Monza,Handicap casa +2,2,0.0158,63.37,,
2026-10-11,14:00,Lazio - Monza,Risultato esatto,1-1,0.117,8.54,,
2026-10-11,14:00,Lazio - Monza,Risultato esatto,2-0,0.1064,9.4,,
2026-10-11,14:00,Lazio - Monza,Risultato esatto,1-0,0.1053,9.5,,
2026-10-11,14:00,Lazio - Monza,Risultato esatto,2-1,0.0987,10.13,,
2026-10-11,14:00,Lazio - Monza,Risultato esatto,0-0,0.0726,13.78,,
2026-10-11,14:00,Lazio - Monza,Risultato esatto,3-0,0.0654,15.29,,
2026-10-11,14:00,Lazio - Monza,Risultato esatto,3-1,0.0607,16.48,,
2026-10-11,14:00,Lazio - Monza,Risultato esatto,1-2,0.0496,20.16,,
2026-10-11,14:00,Lazio - Monza,Risultato esatto,0-1,0.0479,20.86,,
2026-10-11,14:00,Lazio - Monza,Risultato esatto,2-2,0.0458,21.86,,
2026-10-11,14:00,Lecce - Bologna,1X2,1,0.1851,5.4,4.2,-0.223
2026-10-11,14:00,Lecce - Bologna,1X2,X,0.2712,3.69,3.3,-0.105
2026-10-11,14:00,Lecce - Bologna,1X2,2,0.5438,1.84,1.85,0.006
2026-10-11,14:00,Lecce - Bologna,Doppia chance,1X,0.4562,2.19,,
2026-10-11,14:00,Lecce - Bologna,Doppia chance,X2,0.8149,1.23,,
2026-10-11,14:00,Lecce - Bologna,Doppia chance,12,0.7288,1.37,,
2026-10-11,14:00,Lecce - Bologna,Under/Over,Under 0.5,0.0941,10.63,,
2026-10-11,14:00,Lecce - Bologna,Under/Over,Over 0.5,0.9059,1.1,,
2026-10-11,14:00,Lecce - Bologna,Under/Over,Under 1.5,0.2791,3.58,,
2026-10-11,14:00,Lecce - Bologna,Under/Over,Over 1.5,0.7209,1.39,,
2026-10-11,14:00,Lecce - Bologna,Under/Over,Under 2.5,0.5472,1.83,1.73,-0.053
2026-10-11,14:00,Lecce - Bologna,Under/Over,Over 2.5,0.4528,2.21,2.1,-0.049
2026-10-11,14:00,Lecce - Bologna,Under/Over,Under 3.5,0.7604,1.32,,
2026-10-11,14:00,Lecce - Bologna,Under/Over,Over 3.5,0.2396,4.17,,
2026-10-11,14:00,Lecce - Bologna,Under/Over,Under 4.5,0.8929,1.12,,
2026-10-11,14:00,Lecce - Bologna,Under/Over,Over 4.5,0.1071,9.34,,
2026-10-11,14:00,Lecce - Bologna,Goal/No Goal,Goal,0.4736,2.11,,
2026-10-11,14:00,Lecce - Bologna,Goal/No Goal,No Goal,0.5264,1.9,,
2026-10-11,14:00,Lecce - Bologna,Multigol,1-2,0.4531,2.21,,
2026-10-11,14:00,Lecce - Bologna,Multigol,1-3,0.6663,1.5,,
2026-10-11,14:00,Lecce - Bologna,Multigol,1-4,0.7988,1.25,,
2026-10-11,14:00,Lecce - Bologna,Multigol,1-5,0.8648,1.16,,
2026-10-11,14:00,Lecce - Bologna,Multigol,2-3,0.4813,2.08,,
2026-10-11,14:00,Lecce - Bologna,Multigol,2-4,0.6138,1.63,,
2026-10-11,14:00,Lecce - Bologna,Multigol,2-5,0.6798,1.47,,
2026-10-11,14:00,Lecce - Bologna,Multigol,3-4,0.3457,2.89,,
2026-10-11,14:00,Lecce - Bologna,Multigol,3-5,0.4117,2.43,,
2026-10-11,14:00,Lecce - Bologna,Multigol,4-6,0.2258,4.43,,
2026-10-11,14:00,Lecce - Bologna,Somma gol,0,0.0941,10.63,,
2026-10-11,14:00,Lecce - Bologna,Somma gol,1,0.185,5.41,,
2026-10-11,14:00,Lecce - Bologna,Somma gol,2,0.2681,3.73,,
2026-10-11,14:00,Lecce - Bologna,Somma gol,3,0.2132,4.69,,
2026-10-11,14:00,Lecce - Bologna,Somma gol,4,0.1325,7.54,,
2026-10-11,14:00,Lecce - Bologna,Somma gol,5,0.0659,15.17,,
2026-10-11,14:00,Lecce - Bologna,Somma gol,6+,0.0411,24.3,,
2026-10-11,14:00,Lecce - Bologna,Handicap casa -2,1,0.0151,66.05,,
2026-10-11,14:00,Lecce - Bologna,Handicap casa -2,X,0.0475,21.07,,
2026-10-11,14:00,Lecce - Bologna,Handicap casa -2,2,0.9374,1.07,,
2026-10-11,14:00,Lecce - Bologna,Handicap casa -1,1,0.0626,15.97,,
2026-10-11,14:00,Lecce - Bologna,Handicap casa -1,X,0.1231,8.12,,
2026-10-11,14:00,Lecce - Bologna,Handicap casa -1,2,0.8143,1.23,,
2026-10-11,14:00,Lecce - Bologna,Handicap casa +1,1,0.4543,2.2,,
2026-10-11,14:00,Lecce - Bologna,Handicap casa +1,X,0.2441,4.1,,
2026-10-11,14:00,Lecce - Bologna,Handicap casa +1,2,0.3016,3.32,,
2026-10-11,14:00,Lecce - Bologna,Handicap casa +2,1,0.6984,1.43,,
2026-10-11,14:00,Lecce - Bologna,Handicap casa +2,X,0.1718,5.82,,
2026-10-11,14:00,Lecce - Bologna,Handicap casa +2,2,0.1297,7.71,,
2026-10-11,14:00,Lecce - Bologna,Risultato esatto,1-1,0.1271,7.87,,
2026-10-11,14:00,Lecce - Bologna,Risultato esatto,0-1,0.1247,8.02,,
2026-10-11,14:00,Lecce - Bologna,Risultato esatto,0-2,0.1105,9.05,,
2026-10-11,14:00,Lecce - Bologna,Risultato esatto,1-2,0.0947,10.56,,
2026-10-11,14:00,Lecce - Bologna,Risultato esatto,0-0,0.0941,10.63,,
2026-10-11,14:00,Lecce - Bologna,Risultato esatto,1-0,0.0603,16.57,,
2026-10-11,14:00,Lecce - Bologna,Risultato esatto,0-3,0.06,16.65,,
2026-10-11,14:00,Lecce - Bologna,Risultato esatto,1-3,0.0514,19.44,,
2026-10-11,14:00,Lecce - Bologna,Risultato esatto,2-1,0.0498,20.1,,
2026-10-11,14:00,Lecce - Bologna,Risultato esatto,2-2,0.0406,24.66,,
2026-10-11,17:00,Sassuolo - Milan,1X2,1,0.2051,4.88,4.33,-0.112
2026-10-11,17:00,Sassuolo - Milan,1X2,X,0.2332,4.29,3.6,-0.16
2026-10-11,17:00,Sassuolo - Milan,1X2,2,0.5617,1.78,1.75,-0.017
2026-10-11,17:00,Sassuolo - Milan,Doppia chance,1X,0.4383,2.28,,
2026-10-11,17:00,Sassuolo - Milan,Doppia chance,X2,0.7949,1.26,,
2026-10-11,17:00,Sassuolo - Milan,Doppia chance,12,0.7668,1.3,,
2026-10-11,17:00,Sassuolo - Milan,Under/Over,Under 0.5,0.0641,15.59,,
2026-10-11,17:00,Sassuolo - Milan,Under/Over,Over 0.5,0.9359,1.07,,
2026-10-11,17:00,Sassuolo - Milan,Under/Over,Under 1.5,0.202,4.95,,
2026-10-11,17:00,Sassuolo - Milan,Under/Over,Over 1.5,0.798,1.25,,
2026-10-11,17:00,Sassuolo - Milan,Under/Over,Under 2.5,0.4422,2.26,2.1,-0.071
2026-10-11,17:00,Sassuolo - Milan,Under/Over,Over 2.5,0.5578,1.79,1.73,-0.035
2026-10-11,17:00,Sassuolo - Milan,Under/Over,Under 3.5,0.666,1.5,,
2026-10-11,17:00,Sassuolo - Milan,Under/Over,Over 3.5,0.334,2.99,,
2026-10-11,17:00,Sassuolo - Milan,Under/Over,Under 4.5,0.8292,1.21,,
2026-10-11,17:00,Sassuolo - Milan,Under/Over,Over 4.5,0.1708,5.85,,
2026-10-11,17:00,Sassuolo - Milan,Goal/No Goal,Goal,0.5602,1.79,,
2026-10-11,17:00,Sassuolo - Milan,Goal/No Goal,No Goal,0.4398,2.27,,
2026-10-11,17:00,Sassuolo - Milan,Multigol,1-2,0.3781,2.64,,
2026-10-11,17:00,Sassuolo - Milan,Multigol,1-3,0.6019,1.66,,
2026-10-11,17:00,Sassuolo - Milan,Multigol,1-4,0.765,1.31,,
2026-10-11,17:00,Sassuolo - Milan,Multigol,1-5,0.8602,1.16,,
2026-10-11,17:00,Sassuolo - Milan,Multigol,2-3,0.464,2.16,,
2026-10-11,17:00,Sassuolo - Milan,Multigol,2-4,0.6271,1.59,,
2026-10-11,17:00,Sassuolo - Milan,Multigol,2-5,0.7223,1.38,,
2026-10-11,17:00,Sassuolo - Milan,Multigol,3-4,0.3869,2.58,,
2026-10-11,17:00,Sassuolo - Milan,Multigol,3-5,0.4821,2.07,,
2026-10-11,17:00,Sassuolo - Milan,Multigol,4-6,0.3045,3.28,,
2026-10-11,17:00,Sassuolo - Milan,Somma gol,0,0.0641,15.59,,
2026-10-11,17:00,Sassuolo - Milan,Somma gol,1,0.1379,7.25,,
2026-10-11,17:00,Sassuolo - Milan,Somma gol,2,0.2402,4.16,,
2026-10-11,17:00,Sassuolo - Milan,Somma gol,3,0.2238,4.47,,
2026-10-11,17:00,Sassuolo - Milan,Somma gol,4,0.1631,6.13,,
2026-10-11,17:00,Sassuolo - Milan,Somma gol,5,0.0951,10.51,,
2026-10-11,17:00,Sassuolo - Milan,Somma gol,6+,0.0757,13.21,,
2026-10-11,17:00,Sassuolo - Milan,Handicap casa -2,1,0.0219,45.65,,
2026-10-11,17:00,Sassuolo - Milan,Handicap casa -2,X,0.0552,18.11,,
2026-10-11,17:00,Sassuolo - Milan,Handicap casa -2,2,0.9229,1.08,,
2026-10-11,17:00,Sassuolo - Milan,Handicap casa -1,1,0.0771,12.96,,
2026-10-11,17:00,Sassuolo - Milan,Handicap casa -1,X,0.1247,8.02,,
2026-10-11,17:00,Sassuolo - Milan,Handicap casa -1,2,0.7982,1.25,,
2026-10-11,17:00,Sassuolo - Milan,Handicap casa +1,1,0.4472,2.24,,
2026-10-11,17:00,Sassuolo - Milan,Handicap casa +1,X,0.228,4.39,,
2026-10-11,17:00,Sassuolo - Milan,Handicap casa +1,2,0.3248,3.08,,
2026-10-11,17:00,Sassuolo - Milan,Handicap casa +2,1,0.6752,1.48,,
2026-10-11,17:00,Sassuolo - Milan,Handicap casa +2,X,0.1725,5.8,,
2026-10-11,17:00,Sassuolo - Milan,Handicap casa +2,2,0.1523,6.57,,
2026-10-11,17:00,Sassuolo - Milan,Risultato esatto,1-1,0.1162,8.6,,
2026-10-11,17:00,Sassuolo - Milan,Risultato esatto,1-2,0.0989,10.11,,
2026-10-11,17:00,Sassuolo - Milan,Risultato esatto,0-2,0.0939,10.65,,
2026-10-11,17:00,Sassuolo - Milan,Risultato esatto,0-1,0.0908,11.01,,
2026-10-11,17:00,Sassuolo - Milan,Risultato esatto,0-0,0.0641,15.59,,
2026-10-11,17:00,Sassuolo - Milan,Risultato esatto,1-3,0.0614,16.28,,
2026-10-11,17:00,Sassuolo - Milan,Risultato esatto,0-3,0.0583,17.16,,
2026-10-11,17:00,Sassuolo - Milan,Risultato esatto,2-1,0.056,17.86,,
2026-10-11,17:00,Sassuolo - Milan,Risultato esatto,2-2,0.0521,19.18,,
2026-10-11,17:00,Sassuolo - Milan,Risultato esatto,1-0,0.0471,21.25,,
2026-10-12,17:30,Atalanta - Venezia,1X2,1,0.558,1.79,1.57,-0.124
2026-10-12,17:30,Atalanta - Venezia,1X2,X,0.2697,3.71,4.2,0.133
2026-10-12,17:30,Atalanta - Venezia,1X2,2,0.1724,5.8,5.75,-0.009
2026-10-12,17:30,Atalanta - Venezia,Doppia chance,1X,0.8276,1.21,,
2026-10-12,17:30,Atalanta - Venezia,Doppia chance,X2,0.442,2.26,,
2026-10-12,17:30,Atalanta - Venezia,Doppia chance,12,0.7303,1.37,,
2026-10-12,17:30,Atalanta - Venezia,Under/Over,Under 0.5,0.0506,19.75,,
2026-10-12,17:30,Atalanta - Venezia,Under/Over,Over 0.5,0.9494,1.05,,
2026-10-12,17:30,Atalanta - Venezia,Under/Over,Under 1.5,0.1653,6.05,,
2026-10-12,17:30,Atalanta - Venezia,Under/Over,Over 1.5,0.8347,1.2,,
2026-10-12,17:30,Atalanta - Venezia,Under/Over,Under 2.5,0.3847,2.6,2.38,-0.084
2026-10-12,17:30,Atalanta - Venezia,Under/Over,Over 2.5,0.6153,1.63,1.57,-0.034
2026-10-12,17:30,Atalanta - Venezia,Under/Over,Under 3.5,0.6076,1.65,,
2026-10-12,17:30,Atalanta - Venezia,Under/Over,Over 3.5,0.3924,2.55,,
2026-10-12,17:30,Atalanta - Venezia,Under/Over,Under 4.5,0.7847,1.27,,
2026-10-12,17:30,Atalanta - Venezia,Under/Over,Over 4.5,0.2153,4.64,,
2026-10-12,17:30,Atalanta - Venezia,Goal/No Goal,Goal,0.5911,1.69,,
2026-10-12,17:30,Atalanta - Venezia,Goal/No Goal,No Goal,0.4089,2.45,,
2026-10-12,17:30,Atalanta - Venezia,Multigol,1-2,0.3341,2.99,,
2026-10-12,17:30,Atalanta - Venezia,Multigol,1-3,0.557,1.8,,
2026-10-12,17:30,Atalanta - Venezia,Multigol,1-4,0.734,1.36,,
2026-10-12,17:30,Atalanta - Venezia,Multigol,1-5,0.8465,1.18,,
2026-10-12,17:30,Atalanta - Venezia,Multigol,2-3,0.4423,2.26,,
2026-10-12,17:30,Atalanta - Venezia,Multigol,2-4,0.6194,1.61,,
2026-10-12,17:30,Atalanta - Venezia,Multigol,2-5,0.7319,1.37,,
2026-10-12,17:30,Atalanta - Venezia,Multigol,3-4,0.4,2.5,,
2026-10-12,17:30,Atalanta - Venezia,Multigol,3-5,0.5125,1.95,,
2026-10-12,17:30,Atalanta - Venezia,Multigol,4-6,0.3492,2.86,,
2026-10-12,17:30,Atalanta - Venezia,Somma gol,0,0.0506,19.75,,
2026-10-12,17:30,Atalanta - Venezia,Somma gol,1,0.1146,8.72,,
2026-10-12,17:30,Atalanta - Venezia,Somma gol,2,0.2194,4.56,,
2026-10-12,17:30,Atalanta - Venezia,Somma gol,3,0.2229,4.49,,
2026-10-12,17:30,Atalanta - Venezia,Somma gol,4,0.1771,5.65,,
2026-10-12,17:30,Atalanta - Venezia,Somma gol,5,0.1125,8.89,,
2026-10-12,17:30,Atalanta - Venezia,Somma gol,6+,0.1028,9.73,,
2026-10-12,17:30,Atalanta - Venezia,Handicap casa -2,1,0.1877,5.33,,
2026-10-12,17:30,Atalanta - Venezia,Handicap casa -2,X,0.1822,5.49,,
2026-10-12,17:30,Atalanta - Venezia,Handicap casa -2,2,0.6301,1.59,,
2026-10-12,17:30,Atalanta - Venezia,Handicap casa -1,1,0.3699,2.7,,
2026-10-12,17:30,Atalanta - Venezia,Handicap casa -1,X,0.2226,4.49,,
2026-10-12,17:30,Atalanta - Venezia,Handicap casa -1,2,0.4075,2.45,,
2026-10-12,17:30,Atalanta - Venezia,Handicap casa +1,1,0.817,1.22,,
2026-10-12,17:30,Atalanta - Venezia,Handicap casa +1,X,0.1125,8.89,,
2026-10-12,17:30,Atalanta - Venezia,Handicap casa +1,2,0.0705,14.18,,
2026-10-12,17:30,Atalanta - Venezia,Handicap casa +2,1,0.9295,1.08,,
2026-10-12,17:30,Atalanta - Venezia,Handicap casa +2,X,0.0501,19.95,,
2026-10-12,17:30,Atalanta - Venezia,Handicap casa +2,2,0.0204,49.05,,
2026-10-12,17:30,Atalanta - Venezia,Risultato esatto,1-1,0.1039,9.62,,
2026-10-12,17:30,Atalanta - Venezia,Risultato esatto,2-1,0.099,10.1,,
2026-10-12,17:30,Atalanta - Venezia,Risultato esatto,2-0,0.0906,11.04,,
2026-10-12,17:30,Atalanta - Venezia,Risultato esatto,1-0,0.078,12.82,,
2026-10-12,17:30,Atalanta - Venezia,Risultato esatto,3-1,0.0688,14.54,,
2026-10-12,17:30,Atalanta - Venezia,Risultato esatto,3-0,0.0629,15.9,,
2026-10-12,17:30,Atalanta - Venezia,Risultato esatto,2-2,0.0541,18.48,,
2026-10-12,17:30,Atalanta - Venezia,Risultato esatto,1-2,0.0519,19.26,,
2026-10-12,17:30,Atalanta - Venezia,Risultato esatto,0-0,0.0506,19.75,,
2026-10-12,17:30,Atalanta - Venezia,Risultato esatto,3-2,0.0376,26.6,,
2026-10-12,19:45,Torino - Udinese,1X2,1,0.4269,2.34,2.3,-0.018
2026-10-12,19:45,Torino - Udinese,1X2,X,0.3025,3.31,3.2,-0.032
2026-10-12,19:45,Torino - Udinese,1X2,2,0.2706,3.7,3.3,-0.107
2026-10-12,19:45,Torino - Udinese,Doppia chance,1X,0.7294,1.37,,
2026-10-12,19:45,Torino - Udinese,Doppia chance,X2,0.5731,1.74,,
2026-10-12,19:45,Torino - Udinese,Doppia chance,12,0.6975,1.43,,
2026-10-12,19:45,Torino - Udinese,Under/Over,Under 0.5,0.0963,10.38,,
2026-10-12,19:45,Torino - Udinese,Under/Over,Over 0.5,0.9037,1.11,,
2026-10-12,19:45,Torino - Udinese,Under/Over,Under 1.5,0.2812,3.56,,
2026-10-12,19:45,Torino - Udinese,Under/Over,Over 1.5,0.7188,1.39,,
2026-10-12,19:45,Torino - Udinese,Under/Over,Under 2.5,0.551,1.81,1.73,-0.047
2026-10-12,19:45,Torino - Udinese,Under/Over,Over 2.5,0.449,2.23,2.1,-0.057
2026-10-12,19:45,Torino - Udinese,Under/Over,Under 3.5,0.7636,1.31,,
2026-10-12,19:45,Torino - Udinese,Under/Over,Over 3.5,0.2364,4.23,,
2026-10-12,19:45,Torino - Udinese,Under/Over,Under 4.5,0.8949,1.12,,
2026-10-12,19:45,Torino - Udinese,Under/Over,Over 4.5,0.1051,9.51,,
2026-10-12,19:45,Torino - Udinese,Goal/No Goal,Goal,0.5071,1.97,,
2026-10-12,19:45,Torino - Udinese,Goal/No Goal,No Goal,0.4929,2.03,,
2026-10-12,19:45,Torino - Udinese,Multigol,1-2,0.4547,2.2,,
2026-10-12,19:45,Torino - Udinese,Multigol,1-3,0.6672,1.5,,
2026-10-12,19:45,Torino - Udinese,Multigol,1-4,0.7986,1.25,,
2026-10-12,19:45,Torino - Udinese,Multigol,1-5,0.8635,1.16,,
2026-10-12,19:45,Torino - Udinese,Multigol,2-3,0.4824,2.07,,
2026-10-12,19:45,Torino - Udinese,Multigol,2-4,0.6137,1.63,,
2026-10-12,19:45,Torino - Udinese,Multigol,2-5,0.6786,1.47,,
2026-10-12,19:45,Torino - Udinese,Multigol,3-4,0.3439,2.91,,
2026-10-12,19:45,Torino - Udinese,Multigol,3-5,0.4088,2.45,,
2026-10-12,19:45,Torino - Udinese,Multigol,4-6,0.223,4.48,,
2026-10-12,19:45,Torino - Udinese,Somma gol,0,0.0963,10.38,,
2026-10-12,19:45,Torino - Udinese,Somma gol,1,0.1849,5.41,,
2026-10-12,19:45,Torino - Udinese,Somma gol,2,0.2698,3.71,,
2026-10-12,19:45,Torino - Udinese,Somma gol,3,0.2125,4.71,,
2026-10-12,19:45,Torino - Udinese,Somma gol,4,0.1313,7.61,,
2026-10-12,19:45,Torino - Udinese,Somma gol,5,0.0649,15.4,,
2026-10-12,19:45,Torino - Udinese,Somma gol,6+,0.0402,24.89,,
2026-10-12,19:45,Torino - Udinese,Handicap casa -2,1,0.0803,12.46,,
2026-10-12,19:45,Torino - Udinese,Handicap casa -2,X,0.1332,7.51,,
2026-10-12,19:45,Torino - Udinese,Handicap casa -2,2,0.7866,1.27,,
2026-10-12,19:45,Torino - Udinese,Handicap casa -1,1,0.2134,4.69,,
2026-10-12,19:45,Torino - Udinese,Handicap casa -1,X,0.2205,4.54,,
2026-10-12,19:45,Torino - Udinese,Handicap casa -1,2,0.5661,1.77,,
2026-10-12,19:45,Torino - Udinese,Handicap casa +1,1,0.725,1.38,,
2026-10-12,19:45,Torino - Udinese,Handicap casa +1,X,0.1653,6.05,,
2026-10-12,19:45,Torino - Udinese,Handicap casa +1,2,0.1098,9.11,,
2026-10-12,19:45,Torino - Udinese,Handicap casa +2,1,0.8902,1.12,,
2026-10-12,19:45,Torino - Udinese,Handicap casa +2,X,0.0774,12.92,,
2026-10-12,19:45,Torino - Udinese,Handicap casa +2,2,0.0324,30.88,,
2026-10-12,19:45,Torino - Udinese,Risultato esatto,1-1,0.1385,7.22,,
2026-10-12,19:45,Torino - Udinese,Risultato esatto,1-0,0.1065,9.39,,
2026-10-12,19:45,Torino - Udinese,Risultato esatto,0-0,0.0963,10.38,,
2026-10-12,19:45,Torino - Udinese,Risultato esatto,2-1,0.0888,11.26,,
2026-10-12,19:45,Torino - Udinese,Risultato esatto,2-0,0.083,12.04,,
2026-10-12,19:45,Torino - Udinese,Risultato esatto,0-1,0.0784,12.76,,
2026-10-12,19:45,Torino - Udinese,Risultato esatto,1-2,0.0677,14.77,,
2026-10-12,19:45,Torino - Udinese,Risultato esatto,0-2,0.0483,20.72,,
2026-10-12,19:45,Torino - Udinese,Risultato esatto,2-2,0.0475,21.06,,
2026-10-12,19:45,Torino - Udinese,Risultato esatto,3-1,0.0415,24.09,,
