stagione,data,casa,trasf,p1,pX,p2,pb1,pbX,pb2,p_over25,p_goal,pick_mercato,pick_esito,pick_quota,pick_valore,gol_c,gol_t
2627,2026-10-10,Genoa,Fiorentina,0.26487963715284685,0.3017787077459574,0.4333416551011957,0.2871870397643594,0.2916053019145803,0.4212076583210604,0.4509882344979496,0.507359493264174,,,,,,
2627,2026-10-10,Inter,Parma,0.869949182260507,0.08541682457105595,0.04463399316843702,0.8316008316008316,0.1185031185031185,0.04989604989604989,0.7263533960425463,0.4631824970581276,,,,,,
2627,2026-10-10,Napoli,Frosinone,0.6376347320948595,0.23295897978439423,0.1294062881207463,0.6627466613514053,0.20091688259916285,0.13633645604943193,0.6589604788204544,0.5847339206787611,1X2,X,4.75,0.107,,
2627,2026-10-11,Cagliari,Juventus,0.10071564242159205,0.2010021124904048,0.6982822450880032,0.13545004369356248,0.25284008156131665,0.6117098747451208,0.48500274915520813,0.410949865192831,1X2,2,1.55,0.082,,
2627,2026-10-11,Como,Roma,0.3559202151319761,0.2833065397541399,0.36077324511388403,0.36458333333333337,0.27083333333333337,0.36458333333333337,0.5830871077238505,0.618808607259649,,,,,,
2627,2026-10-11,Lazio,Monza,0.5525617551134733,0.2799785596854859,0.16745968520104076,0.6045340050377834,0.23727959697732998,0.15818639798488665,0.5238483122039083,0.5189284132735178,1X2,X,4.0,0.12,,
2627,2026-10-11,Lecce,Bologna,0.18506601738487566,0.2711677990734398,0.5437661835416845,0.2201189832341806,0.280151433207139,0.4997295835586803,0.4528161193770032,0.47364634416109297,,,,,,
2627,2026-10-11,Sassuolo,Milan,0.20505031183027428,0.23324162580985314,0.5617080623598726,0.21380937028049754,0.2571651592540429,0.5290254704654596,0.5577545168660554,0.5601975629217134,,,,,,
2627,2026-10-12,Atalanta,Venezia,0.5579558859261425,0.2696847217138885,0.1723593923599689,0.6072187370353144,0.2269841469393913,0.1657971160252945,0.6153129822581958,0.5910500672408242,1X2,X,4.2,0.133,,
2627,2026-10-12,Torino,Udinese,0.4269082875976473,0.3024910829525373,0.2706006294498154,0.41395531164249316,0.2975303802430419,0.2885143081144649,0.44896210605493125,0.5071262139856438,,,,,,
